,2
yellow,3
four,13
woods,1
hanging,2
gigya,1
electricity,1
immature,1
callin,1
pigment,1
stabbed,1
bringing,5
internally,1
commenter,1
wednesday,7
straight,2
charter,1
tired,6
miller,1
second,8
275,2
sh1t,1
loathing,1
ruthless,1
contributed,1
fingers,2
decry,1
hero,3
avert,1
reporter,2
error,3
herf,1
here,76
reported,5
china,5
hers,1
chink,1
kids,16
unwillingness,1
elaborate,1
reports,2
criticism,4
magically,2
owed,4
explained,2
brought,3
classifieds,1
unit,4
opponents,1
dna,2
spoke,2
catchy,1
dnt,2
music,2
therefore,4
passport,1
strike,2
until,16
chintrate,1
paperwork,1
holy,3
successful,2
brings,1
yahoo,16
hurt,6
glass,1
midst,1
92,2
hoffmans,1
94,2
circumstances,1
morally,2
sway,2
accomplishment,1
plunged,1
example,13
unjust,1
household,2
reviewing,1
want,80
dyke,1
absolute,4
hoe,3
knows,22
travel,2
feature,2
comedians,1
machine,4
how,192
hot,5
hos,1
hop,5
dignified,1
gaming,1
beauty,1
pimps,1
wrong,15
canditate,1
minimizes,1
513,1
types,1
cameraphone,1
sioux,1
effective,12
wins,2
sickening,1
wink,1
keeps,6
communistic,2
proffession,1
floridas,1
democratic,8
wing,23
wind,2
senators,4
welcomer,1
fit,3
screaming,3
fix,1
624,1
rescued,2
fif,28
easier,3
slate,3
gulianni,1
educating,7
twits,1
drinking,1
mongering,1
aready,1
joyners,1
addicted,3
financial,1
knockout,1
series,1
acknowleging,1
impossible,2
ring,4
whip,1
trending,2
whaddya,1
rascit,1
re,7
encourage,1
smh,1
rn,1
assured,1
epithet,1
threatened,3
assures,1
truthfully,1
basest,1
heat,3
universally,1
ate,1
201,1
commented,1
tempting,1
caught,7
2008s,1
wash,1
spinning,1
179,1
176,1
households,1
olds,1
service,3
lawsuits,1
needed,3
olde,1
listed,1
bitter,3
listen,5
rewards,2
wisdom,2
cdata,1
positively,2
showed,3
tree,3
likely,3
shower,2
feeling,3
spectrum,1
nazario,8
person,27
that,821
recommended,1
amusing,1
doors,3
taxation,2
shaniqua,27
shall,4
doin,1
object,1
cinematic,1
victoria,1
affirmation,1
mouth,8
letter,1
jumpin,1
morality,1
dummy,1
episode,1
released,1
foist,1
camp,3
multiracial,6
mating,1
scream,3
came,12
saying,34
sexist,18
plutocratic,1
qaeda,4
participate,1
thesaudavoice,1
busy,6
layout,1
quaint,1
menu,1
698,1
bust,2
theme,2
bliss,1
rich,6
rice,4
bankrate,1
denounce,2
pocket,1
chyron,3
net,5
lmao,1
nicely,2
stunningly,1
release,9
saul,1
respond,5
blew,1
fair,26
niche,1
result,5
fail,1
best,25
lots,9
delphi,1
wikipedia,1
irv,1
score,2
pirate,1
discipline,1
never,34
nature,1
rolled,1
schooled,1
extent,2
pity,3
accident,6
country,16
readers,3
planned,2
logic,5
login,1
argue,7
asked,5
pre,2
irresponsible,2
rednecks,1
cult,1
michell,2
250,1
priceline,1
source,10
union,1
fri,1
much,66
privilege,2
fry,1
michele,10
dots,1
25k,2
life,39
homeland,1
dave,2
substance,1
prostitution,1
child,39
worked,2
haters,1
spin,1
chill,2
presidency,4
professionally,1
employ,1
communisum,9
k,4
picturing,1
played,1
player,5
campaigning,1
damaged,1
things,48
rebellion,1
split,2
babies,22
european,4
fairly,4
ownership,1
subgroups,1
tomkins,2
academic,1
chickenhawks,1
corporate,1
opinions,5
financially,9
plight,1
previous,3
had,87
advancement,1
easy,3
prison,1
has,171
hat,2
municipal,1
disagreement,1
possible,9
awhile,1
possibly,3
bushs,5
birth,6
distortion,4
poses,6
desire,1
remind,9
steps,2
bonkers,1
attorney,1
right,73
old,29
crowd,2
people,203
fatherswithvoices,30
creep,2
enemies,1
for,505
bottom,5
fox,305
creative,1
contributing,1
individuals,9
foc,1
yorks,1
lefty,1
defensive,1
losing,4
manufacturing,1
stokes,1
filipino,2
dollars,2
o,8
slightly,2
raised,1
sob,1
statements,1
waaaaaaaaaaaa,1
neocon,2
respectably,2
son,61
thankful,1
magazines,2
marshals,1
wrap,2
shoots,1
reducing,1
often,4
fabric,1
support,19
constantly,3
tame,1
width,43
wordpress,4
resulted,1
launching,1
happy,7
underestimated,1
offer,3
forming,1
remarking,1
survive,2
melanin,1
congratulations,1
silliness,1
rippling,1
inside,12
azz,2
150,1
later,8
disgrace,4
158,1
proven,4
exist,4
supporters,10
floor,7
uttered,3
flood,1
role,2
transgender,1
becuase,1
smell,1
roll,1
transported,3
muslims,2
intent,1
miranda,1
rolling,1
98,3
defamation,1
time,85
push,6
webmd,2
childs,5
chain,1
whoever,1
disrespectable,1
avalanche,2
chair,1
hole,2
mythago,6
vet,1
uneven,1
enabledproviders,1
jeri,2
jerk,5
allegations,8
prances,1
choice,7
exact,1
minute,3
tear,1
maha,2
leave,15
settle,1
team,5
wannabes,1
thinkers,7
findings,1
sigh,2
boca,1
sign,12
shirts,1
jeopardy,1
realizing,2
current,6
freaks,1
geography,1
badge,1
unintentionally,1
grandparents,1
address,21
alone,5
along,14
anchoring,1
assassinating,1
crumbles,1
brilliant,5
impacted,14
queue,5
accomplished,6
durbin,2
love,32
prefer,5
logical,5
fake,2
lasciate,1
working,3
positive,1
angry,6
opposed,1
wondering,3
scope,1
oreilly,11
loving,1
introducing,1
afford,1
characterize,4
ignorant,14
degrade,1
epitaph,1
pretend,5
abortion,1
privy,1
believes,12
printing,2
values,3
stature,1
following,5
awesome,4
allowed,6
234,1
235,1
236,1
237,1
stole,2
233,1
monitoring,1
savor,1
thanking,2
orginal,1
spot,3
dats,1
latte,1
date,6
such,31
suck,1
revealed,2
brainless,1
harmon,1
stress,8
federal,1
natural,1
st,3
si,1
so,198
pulled,3
sd,1
unacceptable,3
kong,2
course,23
episodes,1
fscked,1
kanye,4
tendency,1
diviorce,1
jim,2
stupidity,7
entitlement,1
suspicion,1
decreased,1
troubled,2
tory,1
instantly,1
thereby,1
smarter,2
nation,1
hancock,1
rundown,1
beloved,1
nyfw,1
entering,1
troll,5
seriously,13
investigation,5
internet,5
million,6
quite,10
disrespect,1
besides,3
training,4
disguised,1
dunno,3
programming,4
downsides,1
massive,2
neglect,5
saving,1
spoken,1
one,168
oped,1
vote,45
open,6
exaggerations,1
city,2
bite,1
indicate,1
2,36
bits,1
ghettoized,1
williams,1
ridiculous,14
arround,1
representing,1
boyfriend,12
rival,1
rehab,1
future,4
bannin,1
counselor,1
damned,4
addressing,2
sam,1
turned,6
argument,11
sad,8
say,92
taster,1
saw,6
sat,2
imnotasquirrel,1
sanctimonious,1
warriors,1
aside,3
note,8
omfg,1
take,38
destroy,3
grammys,2
handing,1
opposite,1
knew,8
spewing,1
printed,2
remarks,4
knee,3
pages,5
badu,4
average,2
drive,5
bady,1
ways,20
salt,1
laws,2
beckham,1
merit,1
inconsistent,1
slow,1
erykah,2
going,73
actin,1
outrage,19
posted,19
carolina,1
condemning,1
morphological,1
simplistic,1
outlet,8
prime,1
pimp,2
artist,1
roger,1
landlord,1
worries,1
where,54
vision,1
espn,1
espa,1
6111,1
jumped,1
sites,4
affecting,5
enjoys,1
baiting,5
jobs,1
impregnated,2
screen,10
dome,1
elijah,2
awards,2
mans,2
avoid,31
many,58
manz,1
flipped,1
s,24
loudly,2
expression,2
stream,1
mccain,26
furthered,1
anti,9
3000,1
comeback,1
boat,1
caring,1
shaniquas,3
teddy,2
west,7
brainwashing,1
needlessly,2
combined,3
hilarity,1
gingrichs,1
wants,32
enable,1
gist,1
benoit,1
thousand,2
photos,4
former,5
runnin,1
profane,1
polls,1
policies,4
situation,3
constituency,1
ive,39
analyts,1
thatll,1
engaged,1
bros,1
blah,9
spooked,1
wingnut,1
thinkin,1
rightous,1
breakdown,1
visually,1
putin,1
maturely,1
sickness,1
quantitfy,1
births,1
disown,1
devolved,1
nothin,1
comes,10
hubby,2
216,1
summer,4
morons,2
212,1
213,1
being,86
rest,23
schools,1
summed,1
weekly,1
blondes,1
briefings,2
10x06,1
aspects,3
around,30
huffpost,3
snark,1
pop,1
leans,4
hatefull,1
libs,1
world,20
boycotted,1
dare,7
stranger,1
pole,1
hamiltons,1
slings,1
kennel,2
landscaping,1
grub,1
cheneys,1
brits,1
racial,20
thinks,13
tote,1
memories,1
911,1
refer,14
apatow,2
biased,5
contingent,2
power,22
disinformation,1
retains,1
ration,2
biases,3
stone,3
industry,1
favorite,7
neighbor,1
act,4
bond,1
burning,5
image,2
homeless,1
parties,5
raiderette,1
her,257
hes,54
hey,13
meals,2
hed,3
heh,4
recommends,1
complete,4
wits,1
mice,1
with,312
buying,3
pull,5
rush,3
rage,2
tripe,1
ruse,1
dirty,2
politically,4
pulp,1
aa,1
gone,8
ac,1
ad,3
gratuitous,2
certain,6
doug,2
am,68
al,4
watches,2
an,141
ap,2
as,378
associating,2
at,206
midwife,1
ciggarette,1
typepad,1
watched,7
pedestal,1
2002,1
yoga,1
ideally,1
yogi,4
graduate,1
tight,1
puppy,2
disgraceful,1
slant,2
pitys,1
slang,20
natalie,1
masa,1
mash,1
mass,2
nelson,1
original,6
consider,11
caused,1
instincts,1
landlocked,1
obigger,1
tours,1
welfare,5
reasoning,2
evicted,1
tv,11
tu,1
cheney,1
champions,1
riots,1
to,1522
smile,1
homepage,1
norm,1
paying,6
dogwhistle,1
firebomb,1
cable,9
shenanigans,1
large,4
sane,1
small,2
maggie,1
192,1
past,21
pass,3
richard,1
section,2
fucks,1
undecided,1
fucki,1
nurse,2
contrast,1
full,9
hash,1
diapers,3
hours,2
bloggers,2
november,17
backlash,2
missinfo,1
experience,9
pics,3
prior,1
pick,3
action,4
tweny,1
240,1
numbs,1
via,7
followed,1
strolling,1
archived,1
orileys,1
archives,1
6,5
more,135
door,3
company,3
corrected,1
lohans,1
rudeness,1
objections,1
dislike,2
keeping,4
science,1
malt,1
morgan,1
learn,6
knocked,5
male,4
beautiful,7
prompt,1
stated,3
suggestions,1
accept,2
states,6
epicurious,1
salty,1
sense,12
dress,1
huge,4
earnings,2
olberman,2
intended,5
brett,1
plane,1
backyard,1
ethics,2
ofay,1
refuse,1
organization,13
boarders,1
register,1
rosebud,1
broadcasting,3
perception,1
mexican,2
brit,1
eton,1
attitude,1
scott,3
signs,2
smiling,4
its,182
followers,1
ally,1
dailykos,2
lite,1
moonsigns,5
coping,7
always,25
synthesize,1
found,12
shocking,1
status,1
upstairs,3
advertisers,2
really,104
missed,10
blacks,25
denotes,1
misses,1
babydaddy,1
atwater,1
silke,1
belief,1
sparked,1
vunerable,1
imagine,1
rises,1
reproach,1
definition,4
diaspora,1
w,4
anecdote,1
major,9
contender,1
number,8
celeb,1
murmured,1
guess,22
heads,2
jet,1
avec,1
excitable,1
saint,1
master,1
relationship,13
interviewed,3
immediate,3
appreciation,1
satirical,1
grace,2
obama,292
frock,1
vocal,1
defends,2
dismantling,1
marriage,3
remembers,1
uncomfortable,1
chicagoist,2
27bc45a6,1
crackhead,1
sell,3
self,12
severe,1
also,83
generalized,1
analogy,3
motto,1
play,8
singles,8
darth,1
yawn,5
plan,16
loosers,1
arson,3
sometimes,10
cover,8
exs,1
barrel,1
wording,1
gold,7
gretchen,1
session,1
degraded,1
671970,1
occupation,1
sayin,3
writes,4
writer,6
failed,2
bitxh,1
factor,6
columns,1
lightent,1
uncontested,1
distance,2
secular,2
resent,2
closely,1
reporters,6
banner,2
dustin,1
progressive,7
cry,5
misperceptions,1
proclaim,1
river,1
seu,1
set,14
sez,1
315,1
sex,11
see,77
backfire,1
sen,1
institutes,1
project,1
movie,1
currently,2
heading,1
propoganda,1
nope,4
knowing,2
europa,1
targeted,1
javascript,3
incident,2
condoned,1
shoe,3
last,21
thou,4
pdt,1
retarded,2
goverment,2
approve,1
messiah,2
load,3
rippingly,1
bell,2
leon,1
coincidence,1
scottish,1
worthless,1
filth,1
acceptance,1
satire,4
hitting,1
proprietor,1
assassinated,3
silenced,1
fire,22
overloading,1
moderation,11
races,3
traumatizing,1
systematic,1
receive,1
reliable,1
admire,1
forgetting,1
leaning,2
huffington,1
dispensers,1
swim,11
pound,1
hoping,6
voi,1
beautifully,1
vanish,3
funny,13
raiders,1
choking,1
barnes,6
872,1
fallacies,1
elevated,2
shorter,1
rules,2
rueful,1
virtually,2
knitting,7
psuedo,1
alert,5
henchmen,1
viewing,1
levels,3
recent,5
early,1
makes,38
picks,2
concrete,1
kelly,4
blacknews,14
filler,1
responsible,6
cheddar,1
stunt,2
conclusions,2
advertisements,3
signals,5
eager,1
parents,15
location,1
crying,3
comprehensible,1
submissions,1
whatwitter,1
surprised,6
victims,3
emergency,1
demands,1
couple,10
hoodrat,4
wives,3
lunacy,1
projects,1
ommitted,1
d,11
consensus,1
communications,1
continue,17
senate,7
sighs,1
sight,2
curious,5
sprint,1
sheesh,2
latania,1
closest,1
novelty,2
religion,3
jokingly,2
dating,35
bd,1
be,388
bb,1
bm,4
bn,14
bo,1
nowhere,1
bs,6
carol,4
by,176
8356,1
anything,33
netflix,2
deserves,4
buttboys,1
clinton,8
garbage,1
terrorists,5
into,51
osama,4
appropriate,2
primarily,8
contributor,3
katie,4
spam,1
submit,5
suit,5
shalt,1
athlete,2
elsewhere,1
jewish,1
poster,4
relaxed,4
lint,1
pastor,3
link,13
competition,2
line,10
hyping,1
considerable,1
observation,1
cid,1
up,157
us,69
ur,1
um,5
slander,3
un,2
uh,4
uk,2
continuously,2
ua,1
professor,1
defined,2
likewise,3
unsafe,1
diverse,1
chat,1
nationalism,1
takedown,1
defines,3
puzzling,2
fixing,3
edwards,5
freighted,1
occasional,1
definitely,4
hove,1
elements,1
oblige,1
sides,13
ago,16
land,3
scotch,1
age,4
holes,1
feud,1
fresh,4
having,25
code,3
enjoyable,1
playland,1
toggle,1
pooches,1
legal,12
broader,1
freakin,2
gossip,7
seemed,3
concerned,4
young,3
send,4
travelocity,1
8907,11
sent,2
torture,1
continues,4
manipulated,2
koppelman,5
continued,1
categories,6
eva,1
marry,4
gettin,3
fewer,1
try,37
race,58
reich,1
rack,1
calmed,1
cnns,2
imply,2
video,22
licenses,1
odd,3
victor,1
index,3
multimedia,1
expressed,2
consistently,3
indian,1
bird,7
led,15
lee,6
leg,2
gathered,1
punch,1
delivering,1
slogans,1
let,42
google_ad_host,4
conviently,1
cazy,1
closing,13
great,19
engage,3
thatd,1
involved,6
headline,6
opinion,14
stephanie,1
thats,65
holmes,3
firefox,1
336,27
331,1
google_ad_width,18
moonlighting,2
dumbest,1
standing,3
illegal,2
bush,8
next,18
eleven,1
doubt,15
babe,1
baffled,2
unplug,1
dealings,1
carrying,1
rubbish,2
baby,243
charity,1
customer,1
animals,1
this,476
challenge,2
mommas,1
thin,2
pawn,1
process,1
lock,1
benz,1
purposes,2
high,24
slip,3
omgaan,1
rippin,1
mumbled,1
comedy,2
intelligent,7
puckered,1
singular,1
ties,1
upstate,1
npr,1
realized,1
muppets,1
democracy,1
lame,4
robot,1
redundant,2
element,3
marge,1
houston,1
producer,14
move,10
produced,1
cleansing,1
umgehen,1
perfect,6
chosen,2
meantime,2
tyrone,2
degrees,1
misapprehension,1
2015,4
2014,6
2016,7
kiss,4
urchintracker,1
cage,1
realize,7
presidential,11
irks,1
sniffing,1
truth,16
quixote,1
subset,1
bump,11
society,2
meta,1
exacerbates,1
borderline,1
etymology,2
hilarious,4
jamestown,5
componentdiv,1
interactions,1
greedy,5
frigging,1
jackassed,1
scary,2
could,58
david,5
hussein,2
scare,2
scarf,4
blown,2
scene,2
owned,1
jesus,3
affliction,1
opportune,1
sharon,1
start,19
system,5
interests,3
enforcement,1
stomach,1
stars,2
chagrin,1
anyones,1
colleagues,1
bother,2
poehler,2
briefing,1
negatively,13
devotion,1
blogosphere,2
collecting,1
accusing,2
false,11
viewer,2
leach,1
reassuring,1
defending,3
ourageous,1
clearly,17
viewed,3
documents,1
dishes,1
mills,1
latino,1
soap,1
allow,5
courtesy,1
01,1
vultures,3
segment,13
hypocrite,2
socialistic,1
inappropriate,3
face,11
fiasco,3
wounded,2
fact,25
rings,1
bring,9
lloyd,1
trivial,2
decade,7
pause,1
jay,2
jaw,1
should,81
buttons,1
sista,1
jab,16
hope,23
exchanged,1
jacqueline,1
insight,23
handle,6
listened,1
means,10
familiar,2
muttering,1
lucky,2
addthis_button_facebook_share,14
90px,14
h,1
rapper,6
taxes,9
stuff,13
lalu,1
ohio,2
crocheting,2
frame,8
edition,2
tyranny,1
insulting,4
unravel,1
youll,9
email,18
disgruntled,2
derogatory,3
hajo,1
877,2
witless,1
lawsuit,3
restrictions,1
figured,1
drug,2
followup,1
etc,14
trumps,2
apostrophe,2
invites,1
ck,1
hold,5
co,3
conclude,1
ca,4
whispering,1
winning,9
rougher,1
ct,2
adjective,1
powered,1
bojack,1
blatant,5
feather,2
louisiana,2
trinity,3
chastised,1
hateful,6
spain,1
theyve,3
sleezy,3
grinning,1
bruthers,1
ve,1
insanely,1
site,19
vp,1
9384193660,14
terrorist,20
newsroom,1
doula,1
highlighted,1
digging,3
emotionally,10
drink,2
upon,4
nationally,1
dust,1
php,1
expand,1
pleasantly,1
unk,1
off,57
indonesia,1
lapdog,1
command,1
drawing,2
less,22
moments,1
anywhoo,1
rooms,2
paul,5
web,9
misspeak,1
transparent,2
arrest,1
refering,1
crack,5
government,13
budgie,1
cruz,1
headlining,1
five,5
joliet,1
incessant,1
placenta,2
onion,3
bigotry,1
episodeid,1
become,8
lamest,1
footage,4
immortal,1
choosing,2
ballot,1
recognition,2
forgives,1
2783,1
humorous,1
does,60
passion,1
integrate,1
tyra,2
whistling,6
loans,1
stage,3
sister,2
lifestyle,2
asks,1
preconditions,1
documentary,1
swimming,11
alliance,1
letters,1
commitment,1
janiece,1
theyd,4
roads,1
filhos,1
hehe,2
housing,1
disapproval,1
lidar,1
doing,22
donnan,1
ronson,1
naturally,1
basic,6
delivery,2
construction,1
thedailyshow,1
candidacy,1
shaolin,1
count,2
tossed,2
official,2
smooth,1
incompetent,1
books,12
nancy,5
problem,27
meyers,1
floridian,1
irish,1
wordle,2
recognize,3
contribute,2
sibling,1
inn,1
cliven,1
unscathed,1
jesse,2
active_user,1
details,3
repeat,5
monday,4
outlets,2
chance,2
exposure,1
ghost,2
fidduck,1
rule,4
electronica,1
compete,2
misheard,1
rep,1
kickstart,1
yikes,2
controversial,1
mansion,4
saved,2
relationships,14
votes,1
doth,1
figli,1
spew,2
venom,1
edward,1
voted,2
sexualized,1
regal,1
regan,1
sweeeetnatural,1
worth,9
data_track_addressbar,14
jacob,1
fogs,1
upload,1
298,1
undercover,1
jamaica,1
diverting,1
deutsch,1
writemalkin,5
preacher,1
preaches,1
spect,2
machines,1
established,3
deliberate,1
above,8
told,12
interns,1
richest,1
murders,1
daughter,8
items,2
study,1
adopt,1
cogent,1
smoke,3
stressed,1
6372,1
highly,2
bro,1
opportunities,4
socioeconomic,1
total,8
bundles,1
negative,6
insult,7
comcast,2
societys,1
tryin,2
separated,11
haha,1
aware,7
continual,1
yard,1
1990,1
springer,2
1992,2
word,29
wore,1
divorced,11
ogne,1
1999,1
1998,3
work,18
refusing,1
cuddly,2
malkins,8
blooming,1
criticizing,2
crackers,1
initial,1
flung,1
551,1
indicates,4
indies,3
provide,16
song,1
interview,18
beach,1
gamble,1
coined,1
after,58
dumba,1
lay,1
law,17
meaningful,1
appreciate,5
green,1
diapered,1
fan,6
order,5
greed,2
lindsay,1
salon,8
office,7
consent,1
jabs,1
satisfied,1
innovative,1
japan,1
chronically,1
enfants,1
mayor,1
somewhere,3
highlights,2
bottled,1
then,61
them,98
safe,3
break,9
band,2
bang,3
shameful,3
they,284
beckel,2
apocryphally,2
suicide,1
crock,1
reasonably,2
l,3
rocks,1
reasonable,3
feeds,2
carlos,1
crimes,1
logo,3
network,25
cameras,1
diesel,1
hooker,1
forth,1
standard,2
admits,1
certified,1
unfulfilled,1
created,1
raisin,1
assumptions,1
implicates,1
another,40
thick,1
carlyle,1
rated,3
rates,1
purposefully,1
john,56
dogs,1
damaging,9
rejected,1
tabloids,2
wasted,1
kennedys,1
target,3
hike,1
scenes,1
seated,3
guilt,1
powers,4
youre,56
respecting,1
navigate,1
lulu,2
manner,2
forced,1
laden,2
convenient,2
forces,2
explanation,1
distraction,2
khou,1
shyt,1
exercised,4
involving,2
germany,1
echoes,1
phase,1
grave,1
800,13
neighborhoods,1
caruth,1
calculated,1
sun,2
voting,2
responded,1
fussy,1
hbcuconnect,6
lewis,1
trailor,1
daze,2
nephew,1
sharks,1
umpteen,1
deepest,2
pursuing,1
adequate,1
do,160
df,1
de,5
cardinals,2
wisecracks,1
nasty,3
beleive,1
prefaced,1
ds,4
interwebz,1
furst,1
covering,1
415,1
implication,3
freshwater,2
steal,2
secretary,4
miserably,2
100px,14
depends,1
discussions,1
miserable,1
o_o,1
away,27
unable,4
props,1
caves,1
we,119
terms,11
reproduction,1
wp,1
electing,1
cop,3
essentially,3
brat,1
cox,2
ill,33
coz,6
ilk,1
com,76
con,3
tone,1
spluttering,1
tons,1
tony,1
jfks,1
speak,5
victimhood,1
strong,2
noes,2
feculating,1
innocent,3
attacked,2
manninger,1
fest,1
giacomo,1
applied,1
east,1
harms,2
ahead,3
publicly,2
ais,1
air,10
applies,2
voice,5
launched,1
mistake,4
skipping,1
conf,2
_still_,1
confirmed,1
descent,1
trashing,1
punctuation,1
jerry,4
descend,1
incorrectly,1
disparaged,1
disciplining,1
independent,3
rail,1
evil,5
hand,15
jangle,1
scenario,1
thu,4
humble,1
tho,4
hispanic,1
contact,17
mamma,1
the,2080
camps,1
quoted,2
gods,2
thanks,13
victim,2
unique,1
hills,2
josh,1
occupants,1
companheiro,1
wright,4
spread,4
board,4
evidenced,1
mocked,2
maya,1
lcd,1
opression,1
rosacea,1
glitch,1
virginian,1
theyre,20
sparse,1
night,9
security,2
gawker,1
cybersecurity,1
pilotonline,1
born,6
critique,1
confusing,2
denies,1
humor,4
purple,1
comments,49
filming,1
asking,5
participation,1
marketing,1
pose,1
conformation,1
huffingtonpost,1
post,43
trophy,2
newspapers,2
months,13
book,33
tonights,1
dilemma,1
wasting,1
bound,1
yanno,1
balanced,10
referencing,1
wag,1
legislation,3
fight,17
way,72
was,258
war,12
lowest,2
becoming,22
baens,4
forgetful,1
cryn,1
true,31
physicality,1
responding,1
generosity,1
ofcom,1
emotional,3
fulfills,1
promises,1
medication,1
frederick,1
evidence,5
expaining,1
promised,2
archive,1
physical,1
db999us,1
ingnorant,2
suburban,1
interested,5
holding,6
test,5
kenyan,3
shrink,2
brothers,4
welcome,1
convincing,1
update,5
together,6
necessitated,2
basically,5
concept,2
dance,3
global,1
grateful,2
battle,4
certainly,8
grape,3
flash,7
permanently,1
glad,4
terror,1
presenters,1
brown,2
protective,1
3am,2
hannah,1
seemingly,1
anonymous,3
trouble,2
gun,3
p,6
q,1
guy,10
distasteful,1
brave,1
regret,1
bravo,5
abiut,1
thinker,1
appear,2
barbie,1
subscriptions,1
thicker,1
peels,1
sequential,1
shared,2
supporting,1
muslim,5
teacher,1
change,12
sending,1
vibrating,2
screamin,1
trial,1
usually,6
pillow,1
regardless,2
extra,1
italiano,1
sincerely,2
italians,1
puffed,1
marker,1
rarely,2
336x280,14
market,1
prove,6
bigs,1
angela,3
live,31
club,1
clue,4
daddys,2
organizations,2
chelseis,1
graphic,3
slogan,1
niggas,2
car,2
chastise,1
niggaz,3
cat,1
innuendo,1
labeled,1
can,111
cal,1
breeds,1
heart,3
dedicated,1
december,1
chip,1
addthis_config,14
heard,24
occur,1
swung,1
infantile,1
discussion,6
cliche,5
write,19
adobes,2
intellectually,1
ghettoize,1
economy,3
aol,5
southern,2
heterosexuals,1
nomination,1
remember,16
whenever,2
offend,2
typical,6
addthis_button_google_plusone,14
serving,1
baracks,2
indeed,13
displayed,3
playful,1
brain,6
still,37
birds,2
cola,1
curly,1
acknowledge,5
reacting,3
forms,11
window,3
nom,1
non,2
fling,4
nod,1
introduce,6
flint,1
half,17
not,350
nov,1
now,83
discuss,1
nor,6
wont,17
streaks,1
lies,2
january,1
drop,1
chuckles,1
entirely,7
em,3
el,1
en,2
ei,1
fired,9
ej,1
ed,1
kand,1
spittle,1
yeah,16
eb,1
ex,10
year,26
eu,1
orbitz,1
happen,9
avoided,1
pills,1
es,1
er,2
album,2
shown,2
opened,2
space,2
irony,9
looking,9
rational,2
receiving,2
shows,6
inevitably,1
cars,1
carp,1
divergence,1
gaffs,1
mercedes,1
barak,1
carl,1
taxed,4
gaffe,1
inevitable,2
card,4
care,25
british,1
honest,4
lindsey,1
repurcussions,1
bling,4
conform,1
btw,5
yourself,21
coulters,1
directly,2
xs,1
message,6
raped,1
tomorrow,3
size,1
sheep,1
ashame,1
_uacct,1
checked,3
thankless,1
breed,1
remotely,1
yiu,1
checker,1
friend,3
beltway,2
appreciates,1
agravation,1
junkyard,1
than,84
professionals,1
television,5
recruit,1
istaverse,1
contentious,1
craig,3
correction,3
editors,3
anger,5
publicity,2
offering,1
veteran,1
online,4
objective,5
deniers,2
begin,2
price,1
hoodrats,1
america,31
michelle,154
forever,2
mrs,9
ferraro,2
slaves,2
professional,6
typically,1
allhiphop,1
chicks,2
4571,1
pearlene_scott,1
ground,3
aint,16
title,2
only,60
essence,1
thompson,3
taunting,1
sooo,1
truly,18
cannot,16
leather,1
seldom,1
keyes,1
husband,18
physically,2
unmarried,2
fucktard,3
elected,2
namely,1
asleep,1
concern,1
3,15
staffer,1
between,21
conferencing,1
notice,2
antics,1
blame,3
analyzed,1
article,10
stages,1
racialized,2
resided,1
fined,1
wheels,1
evict,2
nearby,2
jeans,1
exploit,1
152,1
learning,1
liberal,17
charismatic,1
oliver,4
cares,12
informed,1
jerks,2
punished,1
linguistic,1
rebuilt,1
citiesone,1
realities,1
countless,12
developing,1
these,46
trick,5
scum,1
coolest,1
ein,4
orientation,2
waaaaaaaaaaaaa,1
bias,7
embrace,3
heels,3
somebody,6
thrills,1
worry,1
marti,1
smiting,1
media,22
food,7
inquiry,1
angered,1
jgabriel,2
noble,6
finish,6
someoe,1
initialization,1
favorites,1
mentally,2
squatter,1
complained,1
molotav,1
charges,4
jocking,1
demean,2
gain,3
noah,1
regans,1
generally,7
valuable,8
restrooms,1
touch,2
taxs,6
tirade,1
death,2
thinking,15
iphones,1
treatment,6
struck,1
momentum,1
real,22
spectacular,1
read,44
typographic,1
gonna,10
amy,1
using,20
lady,12
pst,1
ruled,1
fortune,3
misquote,1
ascription,1
opra,1
t,11
occasions,1
endorsed,1
verbal,1
walleye,1
hacks,1
oakland,1
willis,4
conservative,39
apostroph,2
business,7
nme,1
70,2
exciting,1
throw,2
comparison,2
greatly,1
backup,2
youd,6
involvement,1
watchdog,2
nowadays,1
your,217
log,3
prepare,2
area,4
assumed,1
lol,16
los,1
cats,4
low,5
lot,27
homeboys,1
indianas,1
seethes,1
huckabee,1
delayed,1
trying,29
strollers,1
receptive,1
gibberish,1
beliefs,1
600,4
describe,10
moved,2
credibility,1
ringtone,1
valid,1
1556223355139109,4
you,661
poor,28
polar,2
60s,3
overreact,1
nederlands,1
coverage,10
pool,5
building,2
connotations,4
controlled,1
9800,1
since,45
pointing,4
month,10
deadline,1
carpet,2
referring,7
substantively,1
cking,1
very,47
horror,1
sasha,1
minded,4
decide,12
themes,1
heaven,3
smith,1
o_n_106655,1
oreilley,2
fence,2
heraldo,1
casual,1
chuckle,2
conscience,1
apologizes,2
consumers,2
dirt,2
emotions,1
witnesses,1
apologized,4
learned,11
raton,1
iran,5
loose,1
answers,2
tracks,1
selective,1
iraq,7
arena,2
bouvier,1
unproven,1
conviction,1
whine,1
reason,13
amount,4
arent,12
family,39
thatcher,3
ask,22
trained,1
chunks,1
conventional,1
khan,1
takes,9
contains,1
taken,13
lowering,1
excuse,4
broke,4
offended,14
history,5
multiraciality,1
publicist,1
boycott,4
afta,1
phrase,25
terribly,2
stayed,1
compagno,1
tried,10
rude,1
derived,2
illeagal,2
idiocy,2
tries,2
gasp,2
a,1083
criticize,1
prerequisites,1
documentation,1
bashing,3
dream,3
photoshop,2
help,14
ffs,1
soon,13
held,2
hell,28
wishful,1
actually,40
flauntin,1
fool,3
evening,1
motivated,1
yo,14
ya,5
ye,1
cultists,1
yr,2
slighted,1
fully,3
jpost,2
stopped,6
referred,17
heavy,2
dig,2
halep,1
exasperated,1
todd,1
beyond,7
beyonc,2
event,4
wedlock,2
robert,1
surrounded,1
viability,1
dominated,1
7,4
daddies,2
targetted,1
issue,13
mittens,1
ass,24
protruding,1
stull,1
pub,22
houses,2
johnnie,1
base,4
put,27
matthews,2
ash,1
bash,4
dishwasher,1
terrible,2
caption,10
american,29
expecting,2
attracting,1
scroller,2
trackbacks,1
knocking,1
arsenal,1
elder,1
craps,1
miss,6
horse,1
sandusky,2
station,12
identity,6
hundred,1
banana,1
selling,3
northpole,1
jordan,2
authors,4
grew,8
memorium,1
fucktards,2
grey,1
nevertheless,2
toward,7
charlotte,1
887,11
wasnt,17
888,4
juicy,1
polical,1
vulnerable,1
ratings,4
lib,7
lil,5
lin,1
uninformed,1
catchphrases,1
liz,3
aired,1
towards,3
frauds,1
quote,6
eater,1
hired,4
experiences,7
eaten,2
adds,1
kay,1
rackies,1
wats,1
mobile,1
noone,1
popularity,1
dealbreaker,1
clean,1
latest,14
pigeonholed,1
phenomenon,8
commas,1
celebrities,1
sittuation,1
stalker,1
begets,1
distressing,1
madonnas,2
copyright,10
assertion,1
pretty,11
classlessness,1
upstanding,1
meanwhile,6
whoaint,4
trees,2
famous,1
dinos,1
basement,1
pagename,1
during,21
fluff,1
diggin,1
recommendations,1
x,6
patriotism,1
throwing,2
mantra,1
close,15
irrogance,1
4123,1
pictures,2
wow,8
won,9
probably,17
conditions,1
baltar,2
involuntarily,1
bigotv,1
missing,4
both,55
fiance,1
wed,3
minorities,3
anon,1
buzz,1
liked,2
headed,3
steele,4
whatever,21
header,2
likes,3
persecuted,1
described,5
describes,1
damn,8
threaten,4
colberts,1
topnews,1
empty,1
dame,2
citizen,2
else,23
anthony,1
lives,24
liver,1
280,16
nutcase,1
extracted,1
highest,5
loom,1
look,28
285,1
socialist,2
governor,1
rope,2
krissy,6
while,32
smart,8
guide,17
pack,2
voters,1
redacted,1
curtis,2
reads,2
ready,1
salons,3
anymore,7
grant,1
bourdains,1
checking,2
discredit,1
karl,2
grand,1
shan,4
conflict,3
used,33
temporary,1
suggestion,1
lie,4
transitory,1
000,3
uses,1
older,1
obviously,12
clears,1
quarters,1
skar,3
distanced,1
useful,2
praying,2
guaranteed,1
throats,1
barack,57
remaining,2
march,1
reptilian,1
showing,4
4331,1
game,13
dearly,1
damage,1
submission,1
outselling,1
toyota,1
innanity,1
popular,3
klanistan,3
terminology,1
perked,1
brakes,1
774,1
fathers,48
creation,1
some,133
lips,4
bowies,1
delivered,2
qatar,1
describing,2
spouting,2
civilization,1
minimal,1
eating,5
rub,1
processing,1
step,3
nerves,2
taboo,1
shine,7
faith,1
conrad,1
wouldnt,26
idk,1
block,1
seeing,9
panders,1
dude,8
within,32
nonsense,7
subaru,1
toff,1
behaving,1
innate,1
zuhayla,1
accountability,2
heritage,6
kerfuffles,1
newsworthy,1
confessing,1
himself,10
registered,5
larry,3
alive,7
fishy,2
amateurish,2
newstation,2
info,28
intuitive,1
urbandictionary,1
malik,1
wicked,2
similar,4
clear,8
2354,1
ordered,1
adults,9
accessibility,1
apropos,1
carmen,1
rupert,2
enquirer,2
objection,1
dashed,1
nah,1
nas,1
politicians,3
department,2
manhattan,1
drat,1
draw,2
reportedly,1
drag,1
evan,1
structure,1
e,33
required,4
humiliated,1
factually,2
everywhere,1
whne,1
requires,2
sounded,4
russert,1
gf,1
go,66
psycho,2
gi,1
suits,1
behalf,1
friendly,1
happend,2
kitty,1
facebook,4
enslaved,2
telling,16
yourselves,3
stiff,1
meant,7
positions,1
button,1
compassionate,1
michael,2
ryan,2
jay53,1
booty,1
waking,1
jump,4
picked,2
download,1
click,4
plays,2
vampire,1
volatile,1
commercial,1
focused,1
bennifer,1
kidnapped,1
products,2
murdochs,1
addresses,4
danger,1
win,8
addressed,2
wit,2
crap,26
remains,1
camera,2
vehicle,1
popped,1
started,10
becomes,4
hoodyratts,1
wackos,1
lapse,1
crossed,1
meet,4
kaley,1
google_ad_slot,18
votre,1
links,3
oreily,1
escaped,2
pulling,1
offense,3
wonderful,4
orson,1
pink,2
spelling,4
apostrophes,1
advocated,6
feels,2
claire,10
agenda,7
healthcare,1
4bde3fcf7058b1b0,1
including,6
costume,1
cruise,3
mentioned,3
blake,1
173519,1
emails,2
madre,2
maines,1
pure,4
analysts,1
auto,1
catches,1
hands,3
front,3
handy,1
masters,2
university,1
mode,3
pools,1
shaking,1
ankles,1
crest,1
mar,1
measure,1
special,3
butch,1
entertainment,5
confess,1
stayin,1
playground,1
memes,1
cause,14
trashy,4
delegates,1
70s,2
completely,8
ancestry,1
conservatives,22
florida,1
mac,8
keep,26
keen,1
busines,1
mad,7
blogger,5
powerful,11
unsupported,1
bitch,13
art,1
precisely,1
quality,2
horseman,1
playlist,1
privacy,7
bears,1
relations,1
mccains,9
attack,10
perfectly,6
paved,1
exactly,14
apologise,1
bassist,1
herself,8
rss,3
culture,8
becomean,1
reba,1
providing,9
bet,10
horrors,1
earful,1
need,36
screw,2
able,10
instance,3
tactic,2
truck,1
detector,1
lectures,1
nytimes,1
intentions,1
unwarrantedly,1
connected,1
consequences,5
spleen,1
upset,8
undeniably,1
mocha,3
impression,3
emerging,4
reprehensible,1
violation,2
anyway,14
soldiers,11
shoes,2
partners,1
kraft,1
based,13
earned,1
winner,1
hector,1
finalised,1
employee,2
employed,1
achieve,1
535140,1
commendation,1
sipping,1
123,1
legitimate,10
fallout,1
werent,6
years,24
scrolling,1
sht,1
shy,1
she,252
dangerous,2
grab,2
preach,1
spotted,2
bigots,4
humans,1
inkling,1
officials,1
desperate,4
humane,1
joys,1
nightmare,2
tend,1
written,7
correctly,5
horrible,4
neither,3
bleed,2
sole,1
importance,7
spared,1
key,2
group,11
precious,1
distribution,1
wapo,1
paraphrasing,1
hits,1
limits,2
career,3
minds,3
syed,1
hustlers,1
davisdem,1
admit,9
ditech,2
thang,1
estimation,1
jersey,1
doodads,1
willy,1
addition,1
discrimination,1
thanked,1
cent,37
cowards,1
liberals,34
slowly,2
treat,5
baacckk,1
shoulders,2
senses,1
diversity,2
league,1
kicky,1
smoking,1
digger,3
license,1
decades,1
fitzgerald,6
harder,1
owns,1
flubs,2
surface,1
demi,1
dems,8
swinging,1
finance,1
began,3
sharapova,1
parts,2
speaker,2
party,11
inc,2
http,13
walloons,1
effect,1
fierce,1
frequently,2
cuoco,1
i,771
well,72
whitestrips,1
riff,1
claiming,3
accurate,8
sources,4
mistakes,23
distant,1
lately,1
bullshit,13
ought,2
augsburgs,1
homework,1
advertising,3
fate,1
263,1
historic,1
5am,1
racially,2
intersection,1
loss,4
lost,5
skips,1
candy,3
lose,10
rote,1
page,14
shed,2
msniana,1
983,1
twitter,7
motive,3
shes,21
home,17
frustratedly,1
broad,3
boggles,1
demonstrated,3
duh,1
inaccurate,5
kreds,1
journal,1
paterno,1
prohibited,1
smutt,1
unhinged,1
freedom,8
5087,1
mofo,1
sbb,2
equally,3
glenn,1
washington,2
articulate,1
artists,1
couldnt,8
whos,7
mississippi,1
accused,5
additional,2
pc,1
museum,2
noticed,1
inner,1
hq,2
stirred,1
blaming,1
neutral,4
hi,1
goals,1
ear,2
hd,1
he,309
babycenter,2
signed,2
po,2
projecting,1
stories,13
piece,8
mechanics,1
marketplace,1
horsewhip,1
judgemental,1
education,1
eric,21
chromosome,1
rumors,1
mercenary,1
offensive,8
westminster,1
elaine,4
stat,1
herzberg,2
star,3
astounding,2
insults,3
foil,1
stan,1
friends,10
blogs,3
1212659716936,1
portion,2
retire05,6
honchos,1
retirees,1
simpson,2
todays,2
andre,1
protest,2
asian,2
perverted,1
hijos,1
whose,8
swag,2
aug,1
segments,1
moonbat,4
presents,3
teaching,1
sorry,14
onstage,1
fists,1
rescue,2
mahablog,2
misunderstanding,1
updates,1
affect,11
vast,3
moppet,1
skills,5
companies,1
indefinitely,1
unrelated,1
pardons,1
wikihow,3
ups,3
force,2
japanese,1
baby_mama,1
crave,1
kidnap,1
colourful,1
even,64
neo,2
integrity,1
bikini,1
ingraham,1
spokesman,1
lights,1
nex,1
new,60
tips,3
ever,35
fcuk,1
mamas,5
wh0re,2
men,27
disposable,1
met,3
deposition,3
active,2
100,3
dry,1
luther,1
ignoring,9
credit,5
cindy,8
adopting,1
dre,1
fathered,1
astute,1
powerup,2
decries,1
campaign,12
reagan,2
county,1
moral,2
guests,2
counts,3
mooch,1
criminals,1
army,1
ratty,1
arms,1
call,44
calm,3
robertson,3
type,15
tell,21
posting,4
expose,2
wars,2
adult,3
shakesville,1
spurlock,1
hoax,1
room,10
rights,14
setup,1
gasoline,1
give,30
euphonius,1
honey,1
untruthful,1
seacrest,1
loathe,1
aging,1
babyfather,1
stills,1
decrying,1
amazing,3
insemination,2
answer,6
config,2
minority,11
abdomen,1
curiosity,1
president,42
lesbian,1
attempt,11
third,2
urlacher,4
thangs,1
bahasa,1
uninsured,1
deck,3
amplifying,1
biracial,16
fifs,3
immagrants,2
keyboard,1
captions,1
panthers,1
before,47
personal,5
crew,1
better,38
differently,1
enlisted,1
weeks,6
cred,1
downs,1
downright,1
thenk,1
rhetoric,3
grammar,2
meat,2
brians,1
arrested,3
olby,1
went,4
side,16
mean,20
calmly,2
adobe,1
skins,1
taught,1
forgot,2
navy,1
lawyers,6
dawn,1
satans,2
queendom,1
revolting,1
content,2
reader,6
surprise,2
turning,1
cutest,2
resume,1
244,1
below_game_play_later_block,1
struggle,2
249,2
aisle,1
dancer,2
starts,3
professions,1
scrounge,1
ish,2
fleck,1
firetrucks,1
signature,1
loud,2
stewart,2
enraged,1
wronged,2
features,1
hoot,2
featured,6
hood,4
girls,3
twisted,1
wingnuts,2
hollywood,1
somewhat,1
hadnt,1
steins,1
begins,4
hths57,1
princeton,3
enabled,2
matter,25
street,13
silly,3
deserving,1
spoiled,1
modern,2
mind,30
mine,4
seed,1
seen,17
seem,28
sounding,1
seek,1
tells,1
impotent,1
niece,2
rappers,4
pareja,1
regular,2
caricatured,1
ensure,1
blacklist,1
don,1
doo,2
doc,1
medical,2
m,13
dog,13
breather,1
points,15
dos,1
mailing,1
annoyed,2
lyrics,1
ending,1
implying,1
attempts,2
judges,1
explain,7
sugar,3
unleashed,1
judged,1
folks,14
metrically,1
wearing,8
stop,32
gotti,1
coast,2
watermelon,3
slanderous,1
handbasket,1
earl,1
bat,2
bar,11
illegitimate,3
bad,32
olbermann,4
scraping,1
ban,1
ears,1
decides,1
reference,11
fluffy,1
decided,1
subject,13
02,2
03,2
00,1
said,92
06,8
07,7
04,3
05,9
sorta,3
08,6
09,5
kennard,3
pets,1
sorts,1
tolerance,1
warrior,23
lazy,1
rotflol,1
omg,1
vows,1
ignorance,12
weary,1
harvard,1
zone6,1
388,1
picking,9
suggested,3
uncertainty,1
against,27
fnc,1
distinction,2
obamas,97
confronted,1
presumably,3
appeared,2
hardworking,1
ollies,1
height,1
loaded,1
proceeded,1
puts,4
basis,3
three,7
tiny,2
trigger,2
interest,1
oooooh,1
entered,2
lovely,2
threw,1
website,6
deeper,1
dismiss,1
personally,5
165,2
apikey,1
tank,3
affirm,2
ugly,9
near,1
suppose,3
dredging,2
balance,2
anchor,7
pessimistic,1
metropolitan,1
is,796
spectacle,2
it,560
ii,1
shame,5
cant,67
im,144
jest,2
in,608
mouse,1
id,19
if,246
grown,2
make,69
speculating,1
usefacebookconnect,1
potentially,2
belly,1
unfortunate,2
filtered,2
entitled,3
lunes,1
meets,1
elijahs,1
nurturer,1
delight,1
jealous,1
aka,1
thoughts,4
kid,13
programs,2
failing,8
vallenilla,1
unconcerned,1
809,1
claims,7
paradigm,1
yours,4
left,12
just,211
yadadamean,1
unfair,3
identify,4
human,10
ciara,2
facts,8
yep,1
yes,22
yet,19
yew,1
candidate,11
regarded,2
assassination,4
character,10
save,5
background,6
wanting,3
strap,1
dreams,3
nevermind,2
chamel,1
cyniques,1
zombies,1
admittedly,1
fox_obama,1
www,33
deal,15
pacquiao,2
somehow,6
dead,3
wwf,5
paragraphs,2
dear,4
investigations,5
arguing,7
subjet,1
meanings,1
dunkin,2
burn,25
promos,1
super,1
yelling,5
commie,1
valentines,1
magazine,1
afternoon,5
automatically,3
nerve,8
rhyming,1
whats,11
ploy,2
kenya,1
chooses,1
down,43
complaints,1
slurs,2
1990s,1
murderers,5
communists,3
tennis,1
illustrious,1
starve,1
secondhand,1
form,5
lawn,4
aaaauumm,2
surrender,3
attached,2
bounds,4
iqs,1
economic,2
daddy,110
propaganda,11
classic,2
toss,1
ar2007080401483,1
covers,2
thunk,1
fashioned,2
mediocre,2
shit,24
agreeing,1
aunty,1
handed,1
digital,2
cynique,6
sling,1
snarky,1
felt,2
fell,2
authorities,1
feld,1
weekend,1
unlocking,1
died,1
happening,3
apology,7
assume,4
daily,12
jacket,1
stripping,1
teeth,2
managed,1
relieve,1
laura,5
skin,5
mill,1
disingenous,1
anticipation,2
vehix,1
marko,2
father,20
disgusting,8
countdown,2
answered,2
finally,1
gasbags,1
shoot,1
telegraph,1
nationalize,1
1993,1
lynch,1
ma,1
governments,1
trended,1
did,80
die,2
schlafly,1
kodi,1
democrat,5
round,1
cambodian,1
shave,1
dealing,1
pregnancies,1
inconsequential,1
run,15
whoaintstupid,4
heres,12
intelligencer,1
suspect,8
template,2
international,9
unrestricted,1
dishonestly,1
filled,3
bandwagon,1
bloke,1
makeup,2
french,1
tangent,1
deceit,1
wait,12
box,4
boy,14
hbo,1
canadian,1
institute,1
shift,1
bon,1
boo,1
priceless,1
bob,2
carson,1
teenage,2
elect,3
merely,2
storyonly,1
everybody,7
sake,2
visit,14
tauntable,1
france,1
scenarios,1
olympian,1
gamestop,1
ahhh,2
baen,1
thru,3
sharing,1
condescension,1
acceptable,5
beholden,2
adverts,1
effort,1
avoiding,1
soul,4
reviews,2
growing,4
making,35
dispute,3
bites,1
claim,10
crazy,20
predict,1
fuck,7
sample,1
dennis,1
craze,1
melancolour,1
arrogent,1
rays,2
overreacting,1
till,3
sunday,1
skater,1
persuasion,2
sworn,1
146,1
inputs,1
144,1
145,1
142,2
140,1
may,39
snl,1
membership,2
designed,13
centrum,1
guys,12
grow,4
mao,4
man,45
complimentary,1
noun,3
neck,1
johnson,1
maybe,38
tale,1
switch,1
jail,2
deceive,2
african,16
tall,1
gesture,1
cute,2
shield,2
tales,1
pointed,3
wishing,3
cutt,1
kimmel,1
shake,1
argued,1
police,9
monitor,2
interesting,10
maid,1
policy,10
mail,7
msnbc,13
main,1
texas,4
britian,1
johns,3
possessives,1
views,18
moron,1
kkk,5
aspirations,2
killed,5
metafilter,7
arrows,1
promulgate,1
careless,1
rock,1
821,2
820,1
822,1
defemation,1
girl,14
elizabeth,2
canada,1
living,8
jackson,2
3rd,3
pocs,1
correct,6
menghadapi,1
earlier,4
monster,1
mechanisms,7
pumping,1
romans,1
trademarks,1
org,3
cough,1
keith,9
underwear,3
acquiesce,1
language,5
thing,61
funky,2
nuff,2
think,159
frequent,1
first,67
cheese,4
malkin,52
rachel,2
crib,4
americans,8
long,31
suspended,1
carry,2
sounds,5
chalked,1
little,43
anyone,51
fiery,1
rebuttal,1
speaking,5
meme,2
eyes,4
allegedly,4
broadcast,8
hillary,12
eyed,3
undoubtedly,1
11,10
10,11
13,4
12,17
15,4
14,5
17,3
16,3
19,2
18,1
gotta,3
were,72
camouflaged,1
defecting,1
voices,6
dash,1
conspiracy,2
adele,1
teasingly,1
occupied,1
kevin,1
shocked,2
endangered,1
clintons,1
potential,9
performance,2
switching,1
channel,16
bets,1
skinned,1
pain,1
normal,4
track,1
chinkie,1
paid,5
beta,1
sheets,1
nadine,5
bowels,1
tugging,1
especially,12
incisive,1
properly,1
rating,2
shot,5
show,26
representatives,1
moderator,1
arrears,1
corner,4
forecast,1
dice,1
dick,2
storms,1
behind,7
black,149
gaga,2
awareness,1
fda,1
get,131
hostage,1
nearly,4
gee,3
conjunction,1
morning,6
fanboy,1
stupid,28
wiki,1
honesty,1
seat,4
starlet,1
sean,2
salutation,1
stigma,1
calendar,1
wonder,9
label,8
behing,1
enough,28
chimpanzees,1
reading,10
across,5
august,1
parent,4
legitimacy,1
timmy,1
jr,1
killing,5
lopes,1
tuo,1
whitest,2
trolling,2
ja,1
jb,10
jfk,3
dates,1
782,1
according,8
slavering,1
malia,1
traded,1
among,2
rappersiknow,1
custody,7
considering,2
arts,1
childbirth,1
capable,4
barry,1
mark,1
borders,1
educated,10
shopping,1
786,1
google_ad_client,18
wake,5
fucktardist,1
ww111,1
those,28
sound,8
apologised,1
2_cyxbxeucaxx4tzbsdx_znuuljv31ixdhaofp8ttd,1
ongoing,1
1100,1
promising,1
awakened,2
bathrooms,1
4mil,1
eventually,2
sincere,1
middle,7
rally,1
scurrilities,1
everyday,2
bags,1
different,22
pas,5
doctor,2
pay,13
same,61
smeakers,1
speech,7
arguments,11
jeffrey,1
oil,1
rainbow,6
assist,1
companion,1
atlien,1
running,18
driven,1
totally,5
supports,2
mortgages,1
amounts,1
accountable,1
solve,1
bumping,2
amazed,2
parody,2
money,17
aspect,1
flavor,2
wifes,3
clueless,5
bowie,1
mcdonald,1
4,16
grip,1
mom,3
moa,2
aiming,2
disappointed,3
grin,1
terrorize,1
identifying,1
gossips,1
facing,1
chamber,1
audience,10
either,29
kerrys,2
served,3
jews,2
doll,2
slavery,1
images,4
organizing,1
matching,1
maos,10
footing,1
overly,3
critical,5
aussie,1
moderate,4
egocentric,1
hardback,1
seconds,4
manufactured,3
nooze,1
broken,2
despicable,3
dastardly,1
refers,3
manufactures,1
conducting,1
stations,3
smear,5
violence,5
erything,1
youve,10
mixed,3
road,1
whitey,3
whites,7
whiter,1
spreading,1
blessed,1
references,1
inbox,1
posters,2
annoys,2
paraphernalia,1
deadlines,1
sorrel,1
apis,1
strikes,2
gore,2
manuel,1
railed,1
videos,1
insensed,1
youtube,4
citation,1
deep,2
general,5
file,3
girlfriend,8
film,2
again,30
goddam,1
field,3
euphonious,1
lapel,1
trollish,1
obsessed,7
students,2
keepin,1
bleacher,1
important,46
chris,2
campaining,1
driving,1
sewer,1
u,19
hugely,1
resembles,2
starting,5
represent,1
liar,1
forget,3
founder,6
forbidden,3
talks,1
expressions,1
children,58
shredding,1
mandela,1
jaydog,1
sitting,1
fall,6
witted,1
difference,10
conspiracyto,1
mothers,15
benevolent,1
celebrity,6
reminding,1
biological,1
embarrasing,1
sauda,1
foxnews,7
knitted,1
zero,1
titles,1
perspective,3
lawyer,12
wyeth,1
affectation,1
abc,1
stood,1
opted,1
tribute,2
public,12
movement,2
wrangling,1
mule,1
threads,3
affectionately,1
slapping,1
fantasies,2
search,2
airport,1
published,6
itll,1
outragous,3
megyn,3
cowardly,1
africa,1
armed,1
eye,7
conferences,1
272,1
destination,2
two,37
furor,1
achieving,1
magpies,1
controlling,1
particular,6
town,1
dey,1
none,7
hour,7
strain,1
bentsens,1
des,1
sucks,2
dei,1
remain,11
showloginui,1
del,1
dem,14
deb,1
8939,1
shark,1
galleries,1
share,21
birdbrain,1
minimum,1
numbers,12
robinson,1
biography,1
needs,15
awkward,1
frilly,1
soda,3
coming,12
response,4
entry,6
crowded,2
eats,1
responsibility,1
pleasure,3
playing,5
egregiously,1
infant,1
heartfelt,1
through,17
percieved,1
arrogant,1
24,7
25,4
20,4
21,2
22,4
23,1
legette,55
28,2
29,2
late,8
penn,2
hurting,1
someone,59
disrespectful,4
seeking,9
socially,2
noticing,3
walls,2
compound,1
oxford,2
complain,4
association,1
easily,4
fantasy,2
drake,2
eleanor,2
token,4
gender,7
harm,1
clams,1
mental,1
nakedness,1
fish,5
hard,15
monks,1
foxes,1
connect,2
fist,23
endearment,1
farooks,1
insurance,3
lovers,1
childish,2
acting,8
print,1
pathetic,1
circumstance,2
pleasant,1
extraordinary,1
disneyland,1
members,3
laughable,1
beginning,1
benefits,2
reinforces,2
prophet,2
coulter,5
dont,167
bullies,2
instances,1
done,19
stereotyping,3
killin,1
divorce,6
intriguing,2
least,15
irvs,1
assumption,2
statement,14
185,1
mama,176
dumbass,1
kos,2
ordure,1
smoothed,1
tomkat,1
park,1
part,60
trolls,3
believe,28
woops,1
b,10
3449,1
horizons,1
gotten,4
866,1
supposed,16
treated,3
swerve,1
outta,1
nominee,9
urban,11
lindsays,1
meltdown,1
mountain,1
dancing,1
honors,1
majority,5
build,1
knitters,1
commentary,11
easygoing,1
most,35
significant,9
services,3
extremely,6
barackobama,1
seething,2
kw,1
dodging,1
sector,2
thomas,1
bury,1
wailing,1
sanctity,1
relation,1
carefully,2
headlines,1
fine,9
find,27
frisch,1
rebuttals,1
nervous,1
ruin,2
idiots,5
8,1
weve,9
permission,1
express,3
xenophoia,1
zapped,1
silk,1
blogging,1
restart,1
frankly,3
dante,5
remove,2
laundrys,1
common,9
tompkins,21
restaurants,1
cynical,2
devils,1
individual,2
leslie,1
tackles,1
6700,1
anybodies,1
expert,1
please,28
fans,3
burned,2
responses,3
pisses,2
mochamom9807,2
barrack,1
floaty,1
pepsi,1
pissed,4
reverse,2
restaurant,1
annual,1
foreign,1
alot,6
baltimore,2
nextel,1
point,63
simple,1
newborn,1
gypsy,1
tennessee,1
simply,9
throughout,1
hannity,3
helms,1
perspectives,1
create,1
secret,3
dropping,1
meeting,2
gay,4
5020,1
gal,1
understand,21
prices,1
politician,5
keven,1
bill,14
tolerate,2
elections,1
fux,5
fun,9
lingo,6
century,1
cents,7
encountered,1
itself,3
hamptonroads,1
italy,1
parroting,1
proved,2
relatively,1
breastfed,1
yesterday,2
husbands,3
moment,7
aggregate,2
celebratory,1
task,2
y,2
traffic,1
chemistry,1
18534,1
spend,3
howl,1
singlehandedly,1
openly,2
talk,11
dishonesty,1
timber,1
letting,1
cut,7
marrying,1
alternate,1
cuz,5
shouting,1
deliberately,1
impoverished,1
excited,3
hates,6
hater,1
bin,2
bio,1
big,21
bid,1
laughed,2
judgement,1
matters,6
truely,1
bit,27
knock,1
cognitive,1
follows,1
flub,2
foolish,1
google,3
gardening,1
publics,1
wengers,1
abundantly,1
back,39
martian,1
examples,7
stattion,1
pez,1
pet,1
affects,9
decision,1
larf,1
commentator,4
laughing,3
rapping,1
300,4
continuing,1
use,62
105px,14
usa,1
hackneyed,1
graduation,1
freakout,5
drama,116
countrys,1
misplaced,1
jimmy,1
grammy,4
beatdown,2
abusive,1
jockey,1
mccartney,1
homemade,1
forward,1
bored,1
opponent,1
newsman,1
invite,2
immigration,1
hoped,2
boys,3
directed,2
rejection,1
containerid,1
detachable,1
epitomization,1
planet,2
benefitng,1
demeaning,2
single,41
arsene,1
theyll,5
excused,1
excuses,2
friedmans,1
brushing,2
explaining,1
jhtml,1
cartoonists,1
prepared,2
fervently,1
prepares,2
charming,1
boyfriends,2
implies,3
dispassionate,1
2000,1
2001,5
2007,1
2004,15
amuses,1
2008,25
moonbats,2
enrichment,1
portraying,1
zoes,1
restraining,1
rants,4
vicious,1
helps,1
pleasing,1
brigade,1
labels,1
proctor,1
presently,5
implicitly,1
rhyme,2
huddled,1
ankara,1
putting,3
accuse,1
entire,3
shock,2
livejournal,1
brangelina,1
slaps,2
joes,1
mobilize,1
havent,11
ride,3
idolator,1
subtle,2
chicago,1
giving,7
assisted,6
access,4
body,5
construct,4
441,1
faithfully,1
unthinking,1
sink,1
others,12
extreme,1
remark,4
32,1
31,2
30,6
36,2
35,4
truthiness,1
implement,1
absolutes,1
control,24
named,3
private,4
manny,2
dudgeon,1
names,2
oval,1
scandal,2
7513,1
themselves,10
train,1
ashamed,8
4am,1
account,2
fooling,1
portugu,1
britney,1
f,8
tag,1
obvious,5
praise,1
island,3
mesopotamia,1
didnt,49
panderer,2
reserved,8
serial,1
native,1
flap,1
noises,2
holds,2
responsibilities,1
winners,1
profile,1
pockets,2
fran,1
philosophy,1
bothered,1
frat,1
da,9
lines,4
cliches,1
chief,1
furious,1
subsequently,2
marshalls,1
despite,1
disarm,2
gramps,1
horny,1
bunch,6
pasangan,1
la,7
dr,2
acres,1
kindergarten,1
willing,4
steyn,1
criminal,1
dad,6
descriptive,1
spell,2
dat,2
mention,7
cutting,1
courtroom,1
das,1
kindness,1
day,41
strive,1
february,1
estranged,1
identified,2
experienced,1
incenses,1
apologize,6
sexual,1
unoriginal,2
rer,1
defend,9
rev,1
wholly,2
disick,1
mate,10
ren,2
red,16
harold,1
jessica,2
cozies,2
hazard,1
afterward,1
allies,1
teleprompter,1
flippin,1
qualification,1
south,1
strategic,1
embarrassed,2
puppet,1
reached,2
sadly,3
monkey,3
nut,4
nitro,1
completed,1
nobody,11
foamy,1
loved,7
babys,34
flashed,2
sweden,1
loves,5
abolished,1
ollivers,1
login_params,2
comfortable,5
have,306
apparently,7
mic,3
incentive,1
322,1
mix,2
concerns,1
unless,5
rove,2
eight,2
phyllis,1
transcript,9
heartening,1
request,1
disease,1
absurd,2
slandered,1
text,4
charles,12
traitor,1
supporter,4
staff,3
grabbed,2
knowledge,1
colbert,5
satan,1
communist,8
inferior,1
beat,5
bear,3
bean,1
perfection,1
aaaauummm,1
defame,1
calling,35
weeknds,1
cachet,1
fixed,1
looks,9
wikihows,1
exists,1
national,8
brixton,1
attempting,2
pattern,9
progress,3
glen,1
deliver,1
festering,2
exclaim,1
commenting,1
joke,11
taking,7
equal,3
agree,20
busted,1
attributes,2
passing,1
comment,47
relevant,3
michelles,2
laugh,4
topstories,1
tremendous,1
mouthpiece,1
newt,1
ah,1
curtain,10
define,1
received,2
cos,1
fellow,4
homer,1
homes,2
holiday,1
plain,1
appearance,2
value,1
almost,6
dissent,1
walks,2
fiddy,9
linkedin,1
helped,2
claimed,3
partner,2
portray,2
administration,2
coronary,1
slammed,3
foxs,7
samantha,1
reporting,14
discredited,1
sisters,2
gestire,1
judgment,16
scholars,2
tighter,1
commenters,1
center,2
pampered,1
seth,1
disoriented,1
thought,30
oops,5
sets,2
position,9
usual,4
lynching,1
barking,2
nicknames,1
executive,1
domestic,6
tough,1
gmc,1
demographic,1
recommending,1
geraldine,2
add,7
forbes,1
aruba,1
somali,1
ado,1
adj,1
match,3
resolved,1
tests,1
articles,4
fyi,1
demoncrats,1
dryer,1
oreillys,2
insert,1
like,190
journalism,8
admitted,1
journalist,1
chick,11
works,7
propel,1
holier,2
hail,2
hair,6
trinitarians,1
proper,2
scalzion,2
happens,9
koppelmans,1
tmz,25
babymama,2
assuming,2
screwed,1
chains,1
noise,13
lieutenant,1
host,3
although,6
worthy,2
topiary,1
about,229
actual,11
boards,1
introduced,9
childrens,3
billions,1
doesnt,29
female,4
wack,1
awarded,4
inasmuch,1
biggest,3
washingtonpost,2
buy,6
bus,3
brand,3
but,261
reminds,1
repeated,2
bum,1
editing,2
brouhaha,2
bug,1
wise,2
wish,6
flip,3
minutes,4
supreme,1
pin,1
romney,1
topless,1
pig,2
olbermanns,2
commentators,3
newss,1
44,2
annouced,1
42,1
detail,2
40,4
41,1
dresses,1
detractors,1
bundle,1
trackback,1
christians,2
absurdity,1
ramble,2
yell,1
baked,1
limited,2
instalanches,1
hats,1
sleep,3
hating,3
hate,20
poorly,3
muzzle,1
feeding,2
tweet,1
supported,2
thinness,1
whatsoever,1
under,17
pride,1
regrets,1
merchant,1
risk,24
rise,1
every,25
jack,1
whatarchives,1
vastly,1
servlet,1
wick,1
encounter,1
school,7
magnate,1
ovation,1
conceive,1
venue,1
enjoy,3
leaders,3
consistent,1
fairness,7
excelled,1
direct,9
nail,3
fabulous,1
blue,6
hide,4
christ,4
liberty,1
racialicious,1
insinuate,2
conduct,12
miscegenated,1
kicked,3
shills,2
playlot,1
hundreds,2
socialize,1
beck,2
studio,3
represented,1
aftermath,1
property,8
forum,2
leaves,3
precis,1
hiliary,1
characterizing,2
federline,1
settled,3
punishment,1
perogative,1
eboni,2
feelings,2
visible,1
eloan,1
diabetes,1
perpetuates,1
would,184
assessment,2
breathe,3
replys,1
naive,2
phone,3
connecticut,1
breaths,1
excellent,9
supplemental,1
must,21
me,175
join,4
mm,3
mo,1
entertained,1
ms,3
mr,61
appendage,1
my,208
estate,1
paparazzi,1
mayhem,1
times,12
attract,1
ceremony,1
legislate,1
end,12
enm,1
implicating,1
grammatically,2
writers,4
accusations,1
widespread,2
poker,1
description,3
mess,4
insecure,1
imaginable,1
demanding,2
befor,1
jumping,1
mouthpieces,1
acknowledged,1
complexity,1
upside,2
jungle,1
harlem,1
over,72
expects,2
thesis,2
vixens,1
writing,15
destroyed,1
edits,1
bryson,2
newtworks,1
publicizing,1
illegitimacy,1
hubungan,1
stinking,1
alex,6
herald,1
victory,3
each,9
celebrating,1
hanged,1
magnets,1
probation,1
saturday,4
clothe,1
gon,1
fraught,1
god,7
unabashed,1
got,47
gop,13
stringer,1
arizona,2
associate,4
hang,2
eternal,1
free,30
fred,3
boosting,1
wanted,9
immigrated,1
suvs,3
sods,2
days,21
hypocracy,2
filter,1
presumptive,5
heck,4
ontd,2
corrections,1
onto,3
already,25
primary,1
hearing,3
rant,14
scissors,1
sarcasm,3
top,7
tow,1
fiction,1
too,54
tom,3
insightful,1
curtains,12
murder,4
tool,1
serve,1
took,16
wardrobe,1
roles,1
nominate,2
genders,1
pregs,1
fashion,2
ran,3
aspercreme,1
talking,30
rat,3
socio,1
rap,1
further,8
ray,1
slithering,1
thorough,2
educator,1
yucky,1
mathews,1
though,18
bst,1
michale,1
3355,1
preset,1
plenty,3
coin,1
unorthodox,1
devastating,1
entertaining,2
yank,1
scalzi,38
pope,2
cofax,1
random,2
sage,1
radio,4
solutions,7
earth,1
spite,1
situations,1
desparate,1
snickers,2
photo,2
announce,1
geez,1
asians,1
watch,32
goons,1
wedding,2
report,13
demagogues,1
nuwz,1
tacticians,1
boggling,1
damnitall,1
idiotic,4
twice,2
shots,3
ceroth,1
automatic,1
pummel,1
liquor,1
corrupt,1
disturbing,4
molehill,1
accede,1
capacity,1
grandmother,1
finger,3
hopefully,1
367,1
approach,3
attys,1
weak,1
however,8
boss,1
wear,4
censorship,1
news,286
blasted,1
improve,4
protect,2
deys,1
players,1
games,6
faces,1
hypocrites,1
sheeesh,1
expense,1
dolla,1
gameplays,1
sullivan,1
epidemic,1
godparent,1
trust,2
hitler,1
conference,1
beeb,1
beef,2
rollseyes,1
been,87
quickly,10
confident,1
beer,2
belongs,1
expected,2
hypocrytical,1
drugs,1
republicans,17
speeches,1
uncommon,1
catch,3
cracker,2
n,9
2fshowfull,1
combinded,1
cracked,2
infectiously,1
nike,1
suggest,4
yahoos,1
complex,2
phenotype,1
bhos,1
several,7
harming,1
satellite,1
social,22
suburb,1
tyson,1
insisted,1
flacks,1
shortly,1
charlie,1
groundswell,1
greatest,2
incapable,1
mother,36
alarms,1
hearts,1
alabama,1
proposed,2
thumbs,1
kerfluffle,1
niggers,1
teenager,1
beckhams,1
pitiful,1
humanity,1
trashed,2
gave,4
salacious,2
vulture,1
cultural,4
judge,9
burns,1
willful,2
rumor,2
ditto,1
gift,1
55,2
54,1
57,1
2993,1
51,1
50,102
53,2
specific,3
zeal,1
officer,1
whomever,1
hunt,1
stereotype,8
donald,2
usher,5
election,23
advertise,8
informative,1
everything,18
icy,1
cnn,22
423,2
deleted,5
corp,1
leving,1
chapter,1
malkinites,1
census,1
attacks,7
plus,16
aha,1
aber,1
presence,3
civil,4
hypodescent,1
puke,1
accomplishments,1
existed,2
rely,2
categorization,1
indispensable,1
class,13
war_room,1
stuck,3
head,16
medium,1
attempted,1
heal,3
differences,5
02320,1
hear,9
heap,1
muster,1
sheeeeet,1
marquises,2
adore,1
submitting,1
penal,1
trim,1
showin,1
indy,1
alexwilson,1
perez,1
annoying,1
check,9
blatantly,3
ni,1
faithful,2
no,149
tit,1
na,1
nc,6
tip,6
ne,1
tim,1
tin,1
setting,2
papers,1
appetit,1
unbalanced,1
picture,4
reconsider,1
phoenix,1
spoils,1
football,4
trailers,1
younger,1
longer,7
spanked,1
unchallenged,1
serious,8
absoultely,1
coach,2
ron,1
alternatives,1
focus,2
snip,1
llc,2
row,2
clarification,1
prejudicial,1
environment,1
charge,4
thompkins,1
stove,1
advantage,2
sponsors,2
unfamiliar,1
sloppy,2
cook,1
cool,11
incitement,1
immediately,8
level,12
posts,12
brother,6
standards,2
quick,6
yall,5
says,40
invaded,1
dried,1
sayn,1
fear,6
constitution,3
pleased,1
525,1
goes,12
reply,65
corby,4
scripted,1
angelina,1
water,7
baseball,2
groups,5
confused,2
8289,1
healthy,3
pearls,1
guilty,2
marble,2
weird,1
navigation,1
inducing,1
hunsucker,2
ethiopian,1
compare,3
damnedest,1
thrum,1
swallowed,1
crisis,3
bulbs,3
confounded,1
sports,2
msn,1
handles,1
andy,1
iphone,1
frothy,1
prez,1
australian,3
today,33
badus,1
riot,1
flying,1
flapping,1
cases,9
unbiased,5
simona,1
local,2
judd,1
laughter,2
slightest,1
attain,1
dropper,1
trump,2
figure,3
newsletters,3
dropped,1
provoke,1
swedish,1
bigot,1
secured,1
harmed,2
1,54
alway,1
rubio,1
genocide,2
speaks,2
irrational,1
cocktail,1
information,13
fascist,2
4th,3
floral,1
wagging,1
disheartening,1
mayweather,1
inform,1
ones,13
klick,1
representation,1
kongregate,11
refund,1
exclusive,3
mainly,2
fangs,1
blocked,1
cheerleaders,3
trotta,4
offers,6
millon,1
happened,10
lonely,1
moms,5
conversations,8
underneath,1
qualified,3
hamilton,2
term,32
name,25
sophomore,1
debating,1
possibilities,1
addcapturedselector,1
catching,3
busta,1
obsession,3
plans,1
ultimately,8
factors,2
factory,1
khou080612_tnt_racistobamasign,1
attended,1
variant,1
hulu,1
oudersdrama,1
yup,1
motion,2
turn,6
place,14
lactation,1
fetched,2
revenue,1
chickenhawk,1
blacker,1
symbolic,1
george,5
millions,4
given,6
necessarily,1
trillion,1
plastic,5
cooling,1
legally,9
white,50
giver,1
gives,7
exploring,1
prissy,1
releases,5
season,2
hurtful,2
huh,3
cheerleading,1
cops,2
ohnotheydidnt,1
copy,3
population,1
wide,1
unfortunately,4
r,3
aesthetic,1
cards,4
and,1283
twisting,1
froth,1
pro,2
generalization,1
rent,3
any,61
prosperity,1
ideas,6
ideal,1
resembling,1
primaries,1
blunt,1
visitation,4
sure,45
multiple,4
falls,1
fcc,1
considered,11
proud,11
hungry,3
uncle,1
senior,5
quantity,1
slope,1
perch,2
fitzgeralds,1
recipe,1
hack,1
babydaddyhood,1
state,6
crime,2
wood,1
denby20,1
dyn,1
lighter,1
trade,2
regarding,3
jokes,3
0987,1
pants,1
discussing,3
reveals,1
rmp,1
imposing,2
dickhead,1
critisize,1
college,2
apologies,2
ability,4
supercar,1
managing,1
review,2
outside,18
surfaced,1
wouldve,4
arrival,1
rumours,1
originated,2
cheap,4
harshly,1
come,41
3317,1
reaction,2
superstar,2
kicking,1
region,1
berra,2
contract,5
columnist,1
senator,10
duty,2
mails,1
color,8
period,5
insist,1
resentment,1
60,2
62,1
63,2
assertions,1
bizarre,1
nicole,1
turkey,1
lifes,1
subscriber,1
hpid,1
hardly,3
500,2
engine,1
direction,4
tasteless,1
639,1
andrew,1
tiger,1
minister,1
careful,2
irrelevant,2
spirit,2
pilot,2
case,17
myself,8
50k,1
rhymes,2
cast,2
slippery,1
rhymed,1
50s,13
hidegigyalink,1
telephone,1
couples,4
good,62
presentations,1
9e4fdo1d6n4boksm2hzhltu,1
resentful,1
author,2
granted,2
attributing,2
html,5
moronic,2
week,10
willingly,1
booths,1
screenshot,3
applaud,1
producers,1
persons,1
drivel,1
changing,1
longing,1
inhalation,1
without,30
relief,1
inability,1
model,3
when,117
actions,3
risking,1
kill,15
polish,4
blow,1
announcement,1
alphabetical,1
womans,4
rose,1
seems,25
except,2
blog,13
lets,13
viewers,4
oberman,1
kennedy,5
patrick,1
pregnant,4
reduced,1
joking,1
pacific,1
respect,10
nuance,1
caribbean,2
addthis_button_tweet,14
posessive,1
stops,2
moon,1
provides,15
provider,1
toldjah,1
terrifies,1
nails,1
stereotyped,1
polite,2
pooch,1
stereotypes,5
_,1
on,462
ol,2
ok,10
oj,3
oh,42
of,1096
discussed,1
brittany,2
informing,9
mutually,1
stand,10
denigrated,1
or,219
ladies,3
cambridge,1
nyone,1
reactions,1
everyone,28
sloshing,1
distinctions,1
strictly,1
there,129
relocation,1
racism,19
racist,86
house,93
mcinsane,1
energy,5
fwmj,1
jun,10
idea,21
promote,1
300x600,4
offical,1
eastasia,1
strongly,1
politico,6
britain,1
politics,11
cringes,1
spends,1
incorrect,2
hasnt,6
idiot,6
deserve,7
diarrhea,1
idiom,2
5,16
trash,1
oneself,3
separate,2
finale,1
obamination,1
cove,2
includes,2
included,2
inroads,1
spouse,3
arsenals,1
calls,11
wife,50
robertsons,1
odds,4
websites,2
suppossed,1
platter,1
all,221
chinese,3
lack,8
parmesan,1
follow,19
meditation,1
settlement,1
decisions,11
hmmm,3
homage,1
subjected,1
thursday,2
aaron,1
program,8
presentation,2
womam,1
woman,37
worse,7
egyptian,1
far,16
inquirer,2
fat,2
simpsons,2
sons,6
worst,7
awful,2
ticket,1
treating,2
leads,1
ranting,2
11friedman,1
list,9
fearful,2
lisa,1
teh,2
ten,8
tea,3
ted,1
tee,1
rate,4
nbc,3
jeremiah,2
what,222
imported,2
deeply,4
brief,1
crush,5
version,3
attitudes,2
womb,1
toes,1
tags,4
unprofessional,3
supposedly,3
nymag,1
geared,1
difficulty,1
options,1
right_wing,1
suddenly,2
proceed,1
donuts,2
forcefully,2
upstream,1
branded,1
minor,2
israel,1
newlyweds,1
bumped,1
hoffman,1
flag,1
stick,7
glam,2
known,13
flak,3
equation,1
terroist,1
v,3
matchmaking,1
challenging,1
ann,2
discusting,1
libertarian,1
chicagos,1
chores,1
court,29
goal,3
desperation,1
rather,15
breaking,3
58th,1
explains,3
tinfoil,1
shouldnt,5
okay,12
emulate,1
catalog,1
lidiar,1
short,1
chiefly,1
shady,1
shore,1
barbs,1
agrued,1
outrages,2
september,1
developed,1
doorknob,1
outraged,21
isnt,27
bigoted,2
developer,3
disagreed,1
style,3
pray,2
resort,1
disagrees,2
stephen,2
bout,1
might,26
return,6
woulda,1
belittle,2
bigger,3
gagas,1
google_ad_height,18
refresh,1
legend,1
inherent,2
intolerable,1
weighs,1
pirates,2
weight,1
peeps,3
uiconfig,1
duchess,1
expect,3
wondered,1
presenter,2
reverend,1
health,10
hill,7
wisconsin,2
friday,9
forgive,1
teach,2
generate,3
4546,1
thrown,5
thread,15
prejudice,1
threat,6
progressives,1
feed,10
connotation,2
indigestion,1
upper,4
feel,27
radical,1
linking,2
feet,3
sympathy,1
notify,1
fees,5
passes,1
story,29
breathless,3
scathing,1
leading,1
interviews,1
rails,1
strategy,3
passed,2
2621,1
option,1
exploded,1
hotel,2
convinced,1
albeit,1
kind,23
189,1
double,4
outrageous,1
dang,3
motivation,1
outstanding,2
suspicious,2
noelle,1
alike,1
fiona,2
entirety,2
finding,1
foamed,1
hominem,1
unremarkable,1
niven,1
warnings,1
mentality,1
rumer,1
react,1
impacting,11
72,2
sandra,1
nothing,39
stands,4
windows,3
hindrance,1
notch,1
lying,1
osamas,1
fond,1
stumped,1
stfu,1
capzasin,1
3129,1
penalty,1
hip,11
his,259
hit,7
gains,1
compiled,1
multimillionaire,1
whistle,2
deaded,1
hid,1
kennards,1
him,116
typos,1
1213416000,1
investigate,2
activity,3
cringe,1
wrote,9
consciously,1
barr,1
stump,1
martyrdom,1
achieved,1
intelligence,3
defense,4
dumb,14
are,359
declined,1
annihilation,1
learnt,1
nailed,2
vonn,1
degrading,3
determined,1
various,1
viewership,2
paisley,1
recently,4
creating,2
sold,1
attention,6
outfit,1
opposition,2
condi,1
markhb,2
c,11
hesitant,1
breakin,1
became,2
context,3
finds,1
flies,1
reasons,10
sweet,1
dudes,3
improper,1
village,1
pr,1
ps,3
bho,1
overlook,1
political,15
due,1
appears,3
whom,5
ph,9
whoa,1
woke,1
pm,19
affectionate,1
nehi,2
buck,1
vaguely,1
demand,2
thered,1
bashers,1
kick,4
behavior,9
theres,15
contactmusci,1
rip,3
disappointing,1
speranza,1
goonies,1
rid,3
ethnicity,1
shirt,3
suri,1
widely,5
peoples,3
9,4
itchy,1
spears,1
daughters,13
higher,7
boxscores,1
couldve,2
arrived,1
robust,1
wheres,1
lower,1
infiltrator,1
broadcasst,1
limbaugh,1
anybody,4
know,115
abilities,1
questions,11
objectivists,1
poltergeist,1
tables,1
loading,1
urmee,1
exclusively,1
varisty,1
discriminatory,1
unlimited,1
sapphic,1
pithy,1
marian,1
confront,11
ignore,5
uproar,3
hallmark,1
definitively,1
fucking,7
trumping,1
understood,2
stewarts,1
clown,1
vacate,1
newsletter,5
yknow,3
anny,1
absolutely,4
js,4
prop,1
meds,1
rituals,1
innovation,1
anna,2
jumps,2
martin,1
refuses,1
roundup,1
corpse,1
firing,1
mythically,1
hatred,3
womens,2
wedded,1
credible,6
mommy,4
jailtime,1
exceed,1
momma,5
because,121
pingbacks,1
canal,1
impressed,2
asshats,1
pundit,2
stylin,1
question,13
fast,1
prettier,1
sections,2
files,3
girlfriends,4
repeatedly,2
filed,4
junior,2
raising,2
penguin,1
114,1
barring,1
111,1
fried,1
called,50
associated,4
shortcuts,1
perjorative,1
biologiques,1
divisive,1
warning,8
kerry,3
independents,2
peace,2
backs,1
mloa,1
income,1
nice,9
journalisim,1
understatement,1
problems,5
medina,1
helping,3
meaning,3
allowing,1
fertilizer,1
asininity,1
vice,6
intentional,2
scroll,1
once,24
issued,2
steve,1
dispel,1
gang,5
edt,1
contributions,2
issues,24
uphold,1
shanghai,1
languages,1
breach,3
ridiculousness,1
include,2
dramatically,1
confirmation,1
seized,1
mainstream,3
wisher,1
spoof,1
paternity,1
leader,4
rasberry,1
polling,1
dealt,1
malice,1
traveling,1
ummm,1
superceded,1
folk,1
hourly,1
screenshots,1
networks,8
waiting,2
bds,1
chose,2
degree,1
pushing,3
swirled,1
separation,6
gree,1
shadey,1
shades,1
leaving,1
suggests,1
orangutan,1
18pm,1
weddin,1
initials,1
reds,1
5922797538100552,18
apple,2
app,1
volk,1
cheerleader,1
apply,2
fed,4
hahahahaha,1
from,170
fec,1
consumption,2
few,13
chattum,1
sort,18
journalists,3
porch,4
impress,1
unproffesional,1
penis,1
women,16
annoy,2
topic,6
lumbee,1
puhleeze,1
proof,5
tat,1
tar,1
tax,8
dripping,1
atheistic,1
hilton,1
something,59
tan,1
rape,1
sir,4
united,4
syndrome,14
sit,2
fukced,1
six,10
brian,10
slamming,1
instead,12
toddler,1
tension,1
puppets,4
immersed,1
tact,1
masks,1
abuse,8
ethnic,4
3700,1
light,5
honestly,3
jolie,1
h8,1
interpreted,3
meatheads,1
136,2
135,1
139,1
badges,1
dismaying,1
choose,6
orange,1
bye,1
defining,10
pending,1
crash,1
pitstop,1
invitations,1
campaigner,1
republican,11
worlds,1
sleeve,1
edit,2
nfl,4
mirthful,2
conservatism,2
trap,1
bills,2
erratic,1
studios,1
related,5
showtermslink,1
our,48
out,144
category,1
tabloid,7
plural,1
disclose,2
dictionary,5
marquise,12
york,7
g,7
conversation,2
birthday,1
hence,1
plainly,1
319,1
echo,2
jusluvnmyboys,1
enormity,1
michelleobamawatch,1
unknown,1
paquita,1
myspace,2
656,1
their,164
photoshopped,2
tidbit,1
shell,1
reversed,1
reflecting,1
diminish,2
july,1
bashed,1
boring,4
enought,2
basher,1
bmdds,10
thundermonkey,1
gescheiden,1
blackity,1
unaccountable,1
clip,1
faux,19
linked,5
afraid,6
angle,2
agency,1
which,68
alienating,1
asshole,3
knees,1
who,185
why,99
deny,1
refreshing,1
looked,2
catsandonis,1
inane,5
ho,10
chances,1
electoral,2
agreed,1
pleaser,1
tagged,4
purely,1
planning,1
democrats,4
utter,2
chicken,1
debate,4
litigation,4
ha,5
cahoots,1
candidates,6
thousands,4
spun,1
sued,1
watching,9
plaintiff,1
awww,1
compagnon,1
sues,2
words,21
poof,2
ghetto,7
homosexuals,2
ended,1
married,27
plopped,1
view,11
available,1
merits,1
gmail,5
closer,4
televised,1
closet,2
superb,1
favor,2
mexicans,2
identification,2
closed,15
bought,2
exam,1
opening,1
embarrassment,1
job,7
swift,1
jon,4
2fjparticle,1
snarkosphere,1
offendable,1
april,3
atleast,1
safely,1
grounds,1
unclear,2
wall,1
makin,2
walk,2
subscribe,7
table,1
decent,1
bbc,4
broadcasts,1
responds,1
literal,1
mike,2
liverpool,1
painted,1
sufficient,1
jaded,1
scrutiny,1
hmm,2
repetition,2
present,2
unlike,1
dedee,1
will,163
stunning,1
wile,1
ringing,1
thus,5
crassness,1
arresting,1
whore,6
perhaps,11
unite,1
jenna,1
member,3
misogynist,1
gets,18
difficult,2
slave,1
promo,1
disagree,9
collab,2
beast,2
student,2
urlachers,4
whole,26
fighting,9
english,4
equidistant,1
breaker,1
pandagon,2
routinely,1
percent,1
yesterdays,1
administrivia,1
supply,1
sky,1
googling,1
other,78
attractive,3
usage,1
287,1
blueprints,1
community,14
press,27
foxnews_guide_to_terrorist_gang_signs,1
racists,10
loser,1
incendiary,1
eviction,1
james,2
traitors,1
nigga,5
sequence,1
scared,3
church,1
socialists,1
demeanor,1
holler,1
twirling,1
neglecting,1
lead,1
leak,1
lean,3
thank,24
noose,1
murdoch,1
trout,9
murderer,1
slur,5
mitt,1
asinine,2
stay,13
swept,1
raise,5
rare,2
carried,1
stereotypically,1
getting,25
column,1
urged,1
surge,1
carries,2
swear,3
own,43
owe,1
travelers,1
5896631550,4
weather,1
promise,3
brush,2
negate,1
yanked,2
brilliantly,1
challenged,2
apps,2
spiral,1
kidding,4
intention,1
var,16
breeding,2
mailer,2
triggered,1
bitches,2
defames,1
mutter,1
volume,2
honeybunny,1
mailed,5
shans,2
madd,1
made,44
tactics,2
whether,21
distract,1
record,4
below,6
cake,4
cmon,1
horrific,12
dearth,1
goodness,3
ew,1
incredible,1
dillweeds,1
memeorandum,1
boot,3
illinois,7
smears,2
subliminally,1
sick,8
boob,1
clicks,1
conclusion,2
june,9
frustrate,2
kinda,2
disclosure,1
vanillamist,1
fund,2
rotting,1
intentionally,2
representative,1
